<?xml version="1.0" encoding="UTF-8"?>
<project xmlns="http://maven.apache.org/POM/4.0.0" xmlns:xsi="http://www.w3.org/2001/XMLSchema-instance" xsi:schemaLocation="http://maven.apache.org/POM/4.0.0 http://maven.apache.org/maven-v4_0_0.xsd">
  <modelVersion>4.0.0</modelVersion>
  <groupId>com.cdac</groupId>
  <artifactId>DestinationHashGenerator</artifactId>
  <version>1</version>
  <build>
    <plugins>
      <plugin>
        <artifactId>maven-compiler-plugin</artifactId>
        <configuration>
          <source>1.8</source>
          <target>1.8</target>
        </configuration>
      </plugin>
      <plugin>
        <artifactId>maven-shade-plugin</artifactId>
        <version>3.0.0</version>
        <executions>
          <execution>
            <phase>package</phase>
            <goals>
              <goal>shade</goal>
            </goals>
            <configuration>
              <transformers>
                <transformer>
                  <manifestEntries>
                    <Main-Class>com.cdac.DestinationHashGenerator</Main-Class>
                  </manifestEntries>
                </transformer>
              </transformers>
            </configuration>
          </execution>
        </executions>
      </plugin>
    </plugins>
  </build>
  <properties>
    <maven.compiler.target>22</maven.compiler.target>
    <maven.compiler.source>22</maven.compiler.source>
    <project.build.sourceEncoding>UTF-8</project.build.sourceEncoding>
  </properties>
</project>

